1,[290]
2,"[952, 2]"
3,"[2427, 304, 396, 1881]"
4,[47]
5,[47]
6,[47]
7,"[189, 2389, 987, 1594, 2330, 2360]"
8,[1881]
9,[1177]
10,[210]
11,[677]
12,[47]
13,[2352]
14,[915]
15,[47]
16,[930]
17,[47]
18,"[1390, 88, 1458, 482, 1903, 868, 1254, 192, 587]"
19,"[835, 2232]"
20,"[1887, 20]"
21,"[897, 1008, 1155, 1056, 1391, 1707]"
22,[1423]
23,"[457, 1939]"
24,[47]
25,[47]
26,"[2160, 1254]"
27,[2411]
28,"[2198, 1469]"
29,[47]
30,[47]
31,[1974]
32,"[576, 711]"
33,"[1981, 582, 2180, 1952, 1686, 674, 2230, 1335, 370, 908]"
34,"[1599, 2147, 1594, 908, 2373]"
35,"[1693, 2244, 216, 134, 35, 2378]"
36,[1080]
37,[857]
38,"[2160, 1366, 1401]"
39,[47]
40,[47]
41,[801]
42,[2389]
43,[47]
44,[613]
45,[1939]
46,[47]
48,"[2286, 1188, 2359]"
49,"[503, 1735, 2403, 500, 1855, 118, 687, 299, 119, 493, 1145, 1364, 2194, 1261, 827, 2112, 583]"
50,[2085]
51,"[806, 222, 629, 51, 1133]"
52,[1135]
53,"[897, 2118, 1155, 1346]"
54,[62]
55,[47]
56,"[179, 2457]"
57,[1452]
58,[47]
59,[562]
60,"[2237, 1747]"
61,"[1952, 1049, 1404]"
62,"[136, 847, 62, 2303, 895, 1518, 741, 733, 657, 902, 933, 1832, 54, 2391, 1876, 926]"
63,"[1280, 830, 628, 2346]"
64,[47]
65,"[2359, 360, 2178, 65, 754]"
66,[47]
67,[47]
68,[47]
69,[1352]
70,"[2455, 1107]"
71,"[1831, 1634, 324, 1135, 1834, 1452, 71, 2332, 1673, 484, 501, 1506]"
72,[983]
73,[1360]
74,[519]
75,[800]
76,"[2464, 283]"
77,[908]
78,[47]
79,[47]
80,"[2060, 188]"
81,"[2164, 721, 1881, 2253, 352]"
82,[47]
83,[548]
84,[47]
85,[47]
86,"[1611, 1008, 1155, 1032, 86, 2390]"
87,[47]
88,[18]
89,"[703, 2409]"
90,[47]
91,[47]
92,[1842]
93,"[270, 438, 1286, 2218, 519]"
94,"[1242, 2153, 1296, 310, 1135, 1353, 397, 95, 987, 535, 2456, 2301, 1925, 1009, 1568, 2180, 1352, 2073, 1203, 161, 344, 741, 1686, 298, 674, 250, 1371, 1728, 1828, 1968, 2359, 558, 486, 908, 1541, 2199]"
95,[94]
96,[1762]
97,[47]
98,[1938]
99,"[2389, 2227]"
100,[983]
101,[47]
102,[47]
103,[1881]
104,[2237]
105,[47]
106,[47]
107,[47]
108,[1762]
109,[2474]
110,"[2060, 1273, 224, 541]"
111,[47]
112,"[1756, 2422]"
113,[1346]
114,[815]
115,[897]
116,[47]
117,"[1135, 1673]"
118,[49]
119,"[49, 119]"
120,"[2410, 120, 133]"
121,[47]
122,[47]
123,[1324]
124,[47]
125,[1497]
126,"[1422, 2153, 822, 148]"
127,[127]
128,[1569]
129,[47]
130,[403]
131,[47]
132,[1888]
133,"[1668, 120, 510, 133, 250, 392]"
134,[35]
135,"[324, 835]"
136,[62]
137,"[1132, 2077]"
138,[1373]
139,[1373]
140,"[1734, 989]"
141,[47]
142,[270]
143,[47]
144,[1029]
145,[1001]
146,[2426]
147,"[1373, 1346, 918]"
148,"[1151, 924, 1818, 1881, 446, 1011, 2054, 879, 350, 126, 1193]"
149,[1135]
150,"[1865, 387, 2175, 1063, 1495, 567, 648, 2198, 697, 1095]"
151,[47]
152,[47]
153,[47]
154,"[399, 154]"
155,"[155, 1206, 453, 1933, 761, 370, 1882]"
156,"[881, 1418]"
157,[47]
158,[47]
159,[1383]
160,"[311, 1076]"
161,"[1446, 1068, 161, 344, 94]"
162,[833]
163,[2370]
164,[1001]
165,[47]
166,[47]
167,[167]
168,"[168, 451]"
169,[1672]
170,[47]
171,[1132]
172,"[1708, 1238, 1286]"
173,[47]
174,"[664, 727, 923, 567]"
175,"[2237, 793]"
176,"[189, 2389, 225, 2203, 2336, 640, 2054, 2462, 1987, 908]"
177,[1373]
178,[633]
179,"[1952, 56, 2363]"
180,[47]
181,"[1024, 2054, 2451]"
182,[2164]
183,[1927]
184,[47]
185,[2147]
186,"[193, 1026, 215]"
187,"[965, 1762]"
188,"[1881, 80]"
189,"[189, 924, 1881, 987, 1762, 176, 628, 640, 1594, 2054, 2330, 1987, 7, 908]"
190,[47]
191,[235]
192,[18]
193,"[193, 380, 590, 2301, 1030, 186]"
194,"[1211, 2053, 1628, 194, 1139, 1514, 1283, 799, 1893, 908, 230]"
195,[2325]
196,"[2013, 1927, 903]"
197,[47]
198,[1094]
199,[47]
200,[47]
201,[47]
202,[244]
203,"[1952, 2373]"
204,"[481, 793, 487]"
205,[1942]
206,"[206, 1346]"
207,[613]
208,[47]
209,"[1356, 2130]"
210,"[2285, 1953, 1628, 396, 470, 910, 2459, 849, 532, 453, 10, 2394, 524, 1327, 1416, 889, 1112, 2276, 644]"
211,[1402]
212,"[750, 791]"
213,"[213, 483]"
214,[1952]
215,[186]
216,"[2076, 2101, 639, 1881, 987, 1994, 2273, 1157, 2244, 1819, 657, 1921, 845, 1029, 216, 1034, 1335, 35, 1927, 2409, 2075, 903, 2431]"
217,[983]
218,[1887]
219,[47]
220,[2288]
221,[47]
222,[51]
223,[2357]
224,"[265, 2060, 110, 599, 2315, 2351, 541]"
225,"[897, 987, 176]"
226,[47]
227,[498]
228,"[516, 535, 1006, 1989, 2360]"
229,[1456]
230,"[1793, 1628, 194, 740, 2321, 1889, 263, 230]"
231,[1614]
232,[47]
233,[47]
234,[47]
235,"[191, 1306, 249, 235]"
236,"[333, 2218]"
237,[845]
238,"[897, 867, 664, 324, 548]"
239,[1952]
240,[2160]
241,"[987, 2054]"
242,[47]
243,[47]
244,"[1499, 2437, 202]"
245,[492]
246,"[2153, 987]"
247,"[2072, 820]"
248,"[2475, 1452]"
249,"[984, 1895, 2171, 235]"
250,"[1142, 1135, 2271, 298, 133, 1452, 985, 2324, 650, 2054, 94]"
251,"[634, 1520, 951]"
252,[47]
253,[2432]
254,"[1762, 389]"
255,[47]
256,[1693]
257,[47]
258,"[1427, 535, 1671, 2360, 833]"
259,[2288]
260,[47]
261,[47]
262,[983]
263,"[1628, 2321, 230]"
264,"[1007, 778]"
265,"[2315, 1273, 224]"
266,[686]
267,[774]
268,"[1762, 556]"
269,"[1860, 2286, 1798, 625]"
270,"[142, 1394, 1286, 519, 93, 2434]"
271,"[1765, 719, 2003]"
272,[397]
273,[835]
274,"[729, 1452, 714, 1036]"
275,[2271]
276,[47]
277,"[2050, 2019]"
278,[1060]
279,[1373]
280,[1493]
281,[1583]
282,[1360]
283,[76]
284,"[2169, 2041]"
285,"[1363, 1887, 1981, 1190, 456, 2257]"
286,[2011]
287,"[1828, 287]"
288,[952]
289,[2052]
290,"[1, 632, 431, 1835, 1500, 1606, 691, 813]"
291,[47]
292,[628]
293,[1060]
294,[938]
295,"[981, 1686, 523, 1074, 295, 2199]"
296,[1324]
297,[1052]
298,"[1482, 952, 397, 608, 250, 94, 558]"
299,[49]
300,[397]
301,[47]
302,[47]
303,[47]
304,"[817, 950, 1450, 1717, 987, 814, 628, 1175, 3]"
305,[47]
306,[47]
307,"[689, 2337]"
308,[1939]
309,"[2455, 1107]"
310,[94]
311,"[330, 497, 1076, 738, 160]"
312,[2445]
313,[47]
314,[1170]
315,[2445]
316,"[2446, 793]"
317,"[1760, 1734, 1593]"
318,[2442]
319,[47]
320,[2301]
321,"[689, 2443]"
322,"[2289, 1952]"
323,[47]
324,"[238, 1135, 1155, 1834, 1452, 71, 135, 2332, 2054, 1543, 2330, 835, 1335, 2235, 2291, 968]"
325,[2266]
326,[2371]
327,"[634, 951]"
328,[1711]
329,[47]
330,"[1337, 311, 1076]"
331,[47]
332,[548]
333,"[2007, 2437, 521, 236, 2218]"
334,[371]
335,[525]
336,[2117]
337,[1714]
338,"[980, 338, 1828]"
339,"[349, 1467]"
340,[1155]
341,"[1789, 1195, 1178]"
342,[47]
343,[1218]
344,"[1028, 2129, 1446, 161, 344, 741, 1686, 1819, 1921, 1828, 1034, 2359, 94]"
345,[1001]
346,[2352]
347,[347]
348,"[1060, 348]"
349,"[2125, 1366, 339, 1135, 1881, 1467, 1872, 2359, 1217, 1224]"
350,"[516, 1027, 987, 2339, 148]"
351,[47]
352,[81]
353,[1724]
354,[47]
355,"[385, 1481]"
356,[47]
357,[47]
358,[724]
359,[47]
360,"[2359, 65]"
361,"[1927, 2199]"
362,[987]
363,"[2238, 2139]"
364,[2349]
365,"[365, 1099]"
366,[2337]
367,[47]
368,"[368, 1881, 1612, 628, 1989]"
369,[2286]
370,"[1128, 582, 33, 155, 1206, 1933, 844, 1686, 370]"
371,[334]
372,[47]
373,[47]
374,[47]
375,[1310]
376,"[1155, 495]"
377,[47]
378,[47]
379,"[2301, 379, 2263]"
380,"[193, 380, 1346, 446]"
381,[1671]
382,[1762]
383,[47]
384,[47]
385,"[725, 1135, 355, 1155, 2271, 1481, 1452, 2054, 567, 2359, 484]"
386,[601]
387,[150]
388,[1506]
389,"[254, 389]"
390,[753]
391,[47]
392,"[2410, 510, 133]"
393,[1133]
394,"[952, 1851]"
395,[47]
396,"[1881, 764, 1070, 1175, 210, 3]"
397,"[2285, 1986, 1852, 2144, 1449, 1824, 397, 1818, 760, 300, 470, 1881, 1851, 1878, 2008, 1952, 2201, 446, 2437, 1756, 1760, 905, 1822, 298, 576, 2394, 1371, 1011, 2054, 272, 458, 94, 558, 1200, 769, 1377, 908]"
398,[47]
399,"[1590, 1757, 1569, 823, 1772, 154, 1644]"
400,[593]
401,[47]
402,[1817]
403,"[2117, 403, 130, 1420]"
404,[1452]
405,[2180]
406,[406]
407,[525]
408,"[1496, 835]"
409,[1374]
410,"[769, 478]"
411,[47]
412,[626]
413,[633]
414,[47]
415,[47]
416,[47]
417,[1135]
418,"[689, 774, 1139, 2437, 2475, 2443, 2313]"
419,[47]
420,[47]
421,"[1005, 421, 1541]"
422,[422]
423,[2189]
424,"[1219, 2169]"
425,[446]
426,[1240]
427,"[1008, 1918]"
428,[1324]
429,[47]
430,[47]
431,"[290, 556]"
432,[897]
433,[1346]
434,"[1599, 2054]"
435,[47]
436,[47]
437,[1693]
438,[93]
439,[769]
440,[47]
441,[47]
442,[934]
443,[2215]
444,"[1422, 1247, 444, 631]"
445,"[1711, 2407]"
446,"[1125, 1385, 952, 1275, 380, 1155, 397, 148, 1481, 2134, 1346, 446, 525, 2475, 1011, 2352, 1505, 2330, 425, 2359, 2077, 1926]"
447,"[2019, 1182]"
448,[1966]
449,[47]
450,[47]
451,"[1225, 2384, 1253, 168, 451, 478]"
452,[1377]
453,"[155, 937, 598, 210]"
454,"[1008, 1952, 908]"
455,[525]
456,"[1363, 285, 1981]"
457,"[23, 1718]"
458,[397]
459,[47]
460,"[2463, 1981]"
461,[1760]
462,"[1830, 707, 2171, 2218]"
463,[1952]
464,[47]
465,[47]
466,[47]
467,[1324]
468,[2293]
469,"[1423, 2089]"
470,"[2432, 1135, 397, 1452, 210]"
471,[502]
472,[1324]
473,"[1739, 1001, 2159, 1350, 686, 1110]"
474,[1481]
475,[779]
476,[47]
477,"[2258, 2409]"
478,"[897, 1848, 1041, 2432, 695, 2071, 1957, 1452, 1594, 2054, 1543, 1103, 835, 769, 1311, 495, 410, 2291, 451, 2471, 478]"
479,[47]
480,[2067]
481,"[204, 793]"
482,[18]
483,[213]
484,"[385, 2271, 1044, 2467, 1686, 1452, 71, 2218, 2054]"
485,[47]
486,"[1135, 2126, 2271, 1834, 1881, 1481, 601, 1452, 2332, 1673, 2218, 2054, 2359, 94, 795, 1506, 486]"
487,"[204, 1446, 1481, 1904, 793]"
488,"[488, 1568]"
489,[2359]
490,"[962, 1947, 1798]"
491,[2047]
492,[245]
493,[49]
494,[47]
495,"[1411, 2144, 2131, 1155, 1818, 376, 752, 789, 1625, 2315, 2359, 2210, 478]"
496,[47]
497,"[1164, 311, 1076]"
498,"[227, 2360]"
499,[47]
500,[49]
501,"[512, 1041, 652, 2175, 1135, 2271, 1481, 1346, 71, 2311]"
502,"[2288, 502, 471]"
503,[49]
504,"[987, 2447]"
505,[47]
506,[1157]
507,[1672]
508,[47]
509,[523]
510,"[2410, 510, 133, 392, 1064]"
511,[47]
512,[501]
513,[47]
514,[47]
515,"[2295, 2147, 1648, 1348, 515, 2048, 2352, 1007, 2409, 529, 778]"
516,"[228, 350]"
517,"[517, 633]"
518,[1001]
519,"[2402, 2217, 1708, 270, 2271, 74, 1286, 2218, 519, 2359, 93, 2434]"
520,[525]
521,"[2437, 333, 2218, 690]"
522,"[639, 1989]"
523,"[2428, 1207, 1297, 981, 1481, 2440, 1686, 523, 2054, 2155, 295, 1066, 509, 2199]"
524,[210]
525,"[407, 1523, 555, 335, 446, 2437, 455, 1838, 520, 2472, 1867]"
526,"[1357, 2447, 526, 1066]"
527,[47]
528,"[2389, 1856, 528]"
529,"[2147, 515]"
530,[1263]
531,[47]
532,[210]
533,"[949, 2437, 533, 769, 1062]"
534,[979]
535,"[2290, 228, 1021, 258, 1427, 535, 1006, 1499, 1671, 2360, 94]"
536,[2291]
537,[47]
538,[1324]
539,[1745]
540,[605]
541,"[110, 2315, 1273, 224, 541]"
542,[1352]
543,[983]
544,"[1383, 1819]"
545,"[2432, 1155]"
546,[47]
547,[47]
548,"[897, 238, 2118, 332, 1834, 1452, 83, 548, 1377, 2081, 908]"
549,[1762]
550,[628]
551,"[1155, 1763, 2218, 908]"
552,[47]
553,[553]
554,"[554, 723]"
555,[525]
556,"[268, 431, 2271, 1762, 691]"
557,[47]
558,"[952, 397, 298, 94, 558, 2016]"
559,[1873]
560,[1135]
561,[1801]
562,"[1139, 960, 628, 59, 2388, 1690]"
563,[1906]
564,[47]
565,[1285]
566,"[1424, 966]"
567,"[897, 150, 2002, 1692, 727, 385, 1135, 2322, 1424, 923, 601, 1452, 1359, 650, 2218, 567, 1968, 893, 1905, 742, 174, 834, 1679, 1583, 1661]"
568,[47]
569,[47]
570,[2271]
571,[47]
572,"[2381, 1712, 2139]"
573,[47]
574,[47]
575,[47]
576,"[897, 2261, 1981, 1449, 1135, 397, 2271, 1373, 2180, 1068, 1346, 674, 1452, 2311, 576, 1325, 2218, 2054, 1751, 32, 2291, 990, 908, 2383]"
577,"[1089, 2355, 2048, 1984, 2226]"
578,[47]
579,[1315]
580,[47]
581,[47]
582,"[33, 1034, 633, 370]"
583,[49]
584,[47]
585,[47]
586,[1669]
587,"[18, 1903]"
588,[2330]
589,[47]
590,"[193, 590, 2413, 1030, 1843, 2263, 602]"
591,[2324]
592,"[1452, 1103]"
593,"[1045, 987, 2270, 2024, 400]"
594,"[867, 594]"
595,[1686]
596,[1122]
597,[47]
598,"[1966, 1777, 453, 1263, 1900, 2063]"
599,"[2060, 1965, 1273, 224]"
600,[47]
601,"[1692, 1041, 1135, 1814, 567, 386, 486, 872]"
602,[590]
603,[47]
604,[677]
605,"[540, 904, 2385, 2134, 1533, 1099, 1409, 1489]"
606,[842]
607,[47]
608,[298]
609,[1135]
610,[47]
611,[47]
612,[47]
613,"[1863, 1294, 1214, 207, 613, 44]"
614,[1185]
615,"[1866, 2293, 1880]"
616,[47]
617,[47]
618,[47]
619,[1001]
620,[47]
621,[1324]
622,"[2295, 2126, 1452]"
623,[47]
624,[47]
625,"[2171, 1798, 269, 625]"
626,"[412, 2149, 857]"
627,[1981]
628,"[292, 368, 304, 189, 2010, 1302, 1881, 987, 1139, 562, 63, 628, 1989, 550, 779, 2023, 1311]"
629,"[806, 2056, 51]"
630,[1155]
631,"[820, 444]"
632,"[867, 1762, 290]"
633,"[178, 582, 1331, 2230, 1908, 517, 633, 1018, 871, 1498, 413]"
634,"[251, 1520, 2191, 1667, 2014, 2108, 819, 2087, 327, 1178, 1436, 951]"
635,"[2147, 779]"
636,[1324]
637,[47]
638,[47]
639,"[1740, 522, 216, 1989, 2222, 1260]"
640,"[189, 1368, 176]"
641,[1001]
642,[47]
643,[47]
644,[210]
645,[47]
646,[47]
647,"[2367, 1541]"
648,[150]
649,[944]
650,"[689, 1135, 1481, 1452, 985, 250, 1011, 650, 2054, 567, 1817]"
651,[1762]
652,[501]
653,[2147]
654,[47]
655,"[2099, 1366, 2180, 1952, 959, 908]"
656,[47]
657,"[62, 1819, 216, 1034, 926]"
658,[47]
659,[47]
660,[47]
661,[1867]
662,"[2318, 1977, 1379]"
663,[2117]
664,"[238, 174]"
665,[47]
666,[2147]
667,[2330]
668,[2198]
669,[47]
670,[2218]
671,[47]
672,"[672, 1346]"
673,"[673, 1179]"
674,"[894, 1981, 33, 1656, 2439, 1155, 1818, 987, 2180, 1952, 674, 576, 2054, 2230, 2149, 94, 1335, 1980]"
675,[1019]
676,[1360]
677,"[604, 1185, 2147, 11, 2054, 2444]"
678,[47]
679,[47]
680,"[1016, 680, 2173, 769, 2373]"
681,[47]
682,"[1333, 2147, 1464, 2279]"
683,[47]
684,[1373]
685,"[2465, 789, 1481, 1239]"
686,"[473, 1001, 266, 686]"
687,[49]
688,[47]
689,"[307, 689, 418, 1481, 650, 2443, 321, 1913]"
690,"[521, 2218]"
691,"[290, 556]"
692,[47]
693,[1939]
694,[47]
695,"[1848, 1957, 1452, 1438, 714, 1738, 2291, 478]"
696,[2054]
697,[150]
698,"[1016, 2010, 698]"
699,[2289]
700,[2447]
701,[1011]
702,[1231]
703,"[89, 2305]"
704,[47]
705,[2056]
706,[47]
707,[462]
708,"[1422, 820, 1565, 2056, 2215, 948, 957, 2052, 708, 1323, 2082]"
709,[1001]
710,[1898]
711,"[1449, 2054, 32]"
712,[2416]
713,[2409]
714,"[695, 1952, 2054, 1036, 1798, 274]"
715,[47]
716,[47]
717,[47]
718,[47]
719,"[1366, 271, 1765]"
720,"[2399, 1059]"
721,[81]
722,[1373]
723,[554]
724,"[724, 358, 857]"
725,"[385, 2475]"
726,[769]
727,"[567, 174]"
728,"[867, 728, 760, 1306, 2286, 1994, 1844, 1756, 1850, 905, 1435, 1011, 1313]"
729,"[900, 274]"
730,[47]
731,[47]
732,"[1891, 2473]"
733,[62]
734,[903]
735,[47]
736,[1989]
737,[1020]
738,[311]
739,[2054]
740,[230]
741,"[2100, 62, 344, 1952, 741, 1029, 94, 1335, 908]"
742,"[567, 834]"
743,[2359]
744,"[1481, 744]"
745,[857]
746,"[924, 746]"
747,[47]
748,[1762]
749,"[749, 1211, 2329]"
750,[212]
751,[47]
752,"[2181, 752, 495]"
753,"[2162, 2437, 1989, 1407, 390, 1187]"
754,"[2110, 2144, 1155, 2045, 1747, 1756, 1452, 2314, 2359, 2178, 2371, 65, 769, 2232, 754]"
755,"[1240, 2211, 1566]"
756,[47]
757,[1075]
758,[918]
759,"[2056, 1797, 759, 1168]"
760,"[1986, 728, 397, 1756, 2054]"
761,"[1306, 155]"
762,[47]
763,"[2147, 763]"
764,"[396, 1871]"
765,[1669]
766,[47]
767,[952]
768,[47]
769,"[1943, 1919, 397, 680, 942, 1881, 1320, 1952, 2437, 2475, 1374, 533, 2394, 439, 1543, 2200, 726, 769, 1062, 754, 410, 2291, 2471, 478, 2373]"
770,[2421]
771,[1346]
772,[47]
773,"[1084, 924, 2103, 1169, 1537, 1624, 1307, 1816, 1608]"
774,"[774, 267, 1139, 1925, 418, 1762, 2437, 2475, 1711, 2354, 2313]"
775,[1700]
776,[47]
777,[835]
778,"[264, 515, 2090, 2048, 882, 1007]"
779,"[1457, 2147, 1651, 635, 2380, 1609, 628, 475, 779, 2264]"
780,[47]
781,[47]
782,[47]
783,[47]
784,[47]
785,[2447]
786,[1470]
787,"[1639, 1686]"
788,[1939]
789,"[1411, 789, 685, 495]"
790,"[1373, 1955]"
791,[212]
792,[1423]
793,"[481, 316, 2446, 2237, 204, 1747, 175, 1904, 793, 487]"
794,[47]
795,[486]
796,[47]
797,[47]
798,[47]
799,"[1628, 194, 1283, 831, 799, 1889, 1403, 908]"
800,[75]
801,[41]
802,[47]
803,"[897, 2232]"
804,"[1016, 804, 2373]"
805,"[1807, 873, 1459, 1892, 805]"
806,"[629, 51]"
807,[983]
808,[1939]
809,[47]
810,[897]
811,[47]
812,"[1274, 812, 1655, 2291]"
813,[290]
814,"[817, 304, 1956, 1175]"
815,[114]
816,[868]
817,"[304, 814]"
818,[47]
819,"[634, 1520, 819, 951]"
820,"[2056, 708, 1636, 631, 247]"
821,[47]
822,[126]
823,[399]
824,[47]
825,[2325]
826,[1454]
827,[49]
828,[47]
829,[47]
830,[63]
831,[799]
832,[47]
833,"[1781, 258, 2389, 2162, 162, 1818, 1643, 1499, 1671, 1407, 1619, 833]"
834,"[897, 1135, 2054, 567, 1968, 2235, 742]"
835,"[897, 324, 2151, 955, 1155, 1306, 1496, 777, 1952, 19, 2358, 1701, 408, 135, 2328, 2330, 835, 1861, 1461, 2305, 273, 2232, 908, 478]"
836,[1007]
837,[1324]
838,[1346]
839,[1711]
840,[1917]
841,[47]
842,[606]
843,[951]
844,[370]
845,"[2244, 216, 237]"
846,[2054]
847,[62]
848,"[2163, 1972, 2051]"
849,"[849, 210]"
850,[2150]
851,[47]
852,"[1155, 987]"
853,[1315]
854,[47]
855,[1673]
856,[47]
857,"[724, 987, 37, 745, 2149, 626, 857]"
858,"[952, 1982]"
859,[1011]
860,[47]
861,[1905]
862,[47]
863,[1406]
864,[47]
865,[2120]
866,[1750]
867,"[632, 2100, 867, 238, 728, 1513, 1135, 2424, 2271, 1834, 983, 1762, 1686, 2218, 2054, 1335, 594, 1055]"
868,"[18, 816]"
869,[47]
870,[47]
871,[633]
872,"[601, 1506, 872]"
873,"[1459, 805]"
874,[900]
875,[2352]
876,[47]
877,[1135]
878,[47]
879,"[1818, 148, 1756, 879, 2305, 1506, 1377, 908]"
880,[1939]
881,"[1418, 1230, 1983, 2457, 156, 1284, 1592, 1699]"
882,"[2048, 882, 1007, 778]"
883,[1989]
884,[1324]
885,[1135]
886,[47]
887,[47]
888,[897]
889,[210]
890,[47]
891,"[1306, 2385, 2267, 2212, 2359, 2017]"
892,"[892, 2409]"
893,"[1424, 567, 893]"
894,"[2100, 1128, 1008, 987, 1957, 2350, 674, 2291]"
895,"[62, 1001]"
896,[47]
897,"[1211, 1196, 432, 238, 1790, 2118, 1834, 1881, 1139, 115, 1786, 225, 1756, 1711, 576, 53, 966, 888, 1486, 21, 2218, 2054, 567, 1968, 803, 835, 2095, 2031, 2305, 2409, 548, 834, 908, 478, 810]"
898,[47]
899,[47]
900,"[729, 874, 2017]"
901,[2409]
902,[62]
903,"[2101, 196, 216, 1927, 734, 903]"
904,"[2104, 952, 1346, 605, 1099]"
905,"[728, 397]"
906,[47]
907,[1756]
908,"[655, 897, 1249, 936, 1016, 34, 955, 454, 189, 2229, 1981, 2144, 2154, 33, 2389, 1008, 1135, 1155, 194, 397, 2271, 1881, 2301, 1925, 176, 1068, 1481, 1952, 2436, 741, 2437, 77, 1756, 1686, 1711, 799, 1369, 1452, 576, 1011, 1029, 2218, 1989, 2054, 879, 835, 2359, 551, 94, 1938, 2235, 1722, 2409, 2023, 548, 1377, 1257, 1375, 908, 1931, 2337]"
909,[2301]
910,[210]
911,[47]
912,[1352]
913,[1938]
914,[47]
915,"[2122, 14]"
916,[1914]
917,[47]
918,"[758, 2097, 1378, 1346, 1553, 147, 2374, 1926]"
919,[919]
920,"[1108, 1067, 1879]"
921,"[1135, 921]"
922,[47]
923,"[2002, 923, 567, 174, 1583]"
924,"[773, 189, 1368, 148, 746]"
925,[2352]
926,"[62, 657]"
927,[47]
928,[1952]
929,[47]
930,"[16, 930, 1076]"
931,[1324]
932,[1315]
933,[62]
934,"[1373, 442, 1550, 934]"
935,[1431]
936,[908]
937,[453]
938,"[294, 1120]"
939,[983]
940,[47]
941,"[941, 2107, 1728, 1828, 1526]"
942,[769]
943,[2352]
944,[649]
945,[1720]
946,[47]
947,[47]
948,"[2169, 708]"
949,"[533, 1666, 1606, 1062]"
950,[304]
951,"[634, 251, 1520, 2027, 2191, 1332, 819, 843, 327, 1178]"
952,"[394, 952, 1135, 1155, 904, 1481, 767, 1346, 446, 2411, 1264, 858, 1123, 298, 2, 1099, 1011, 2256, 558, 2371, 998, 1927, 288, 1982]"
953,[1942]
954,[47]
955,"[835, 908]"
956,[47]
957,"[957, 2052, 708]"
958,[47]
959,"[655, 2099, 2180]"
960,[562]
961,[1520]
962,"[1967, 490, 1362]"
963,"[1068, 1267, 963]"
964,[1324]
965,[187]
966,"[897, 2230, 566]"
967,[47]
968,"[324, 1852, 1449, 1881, 2437, 2235]"
969,[47]
970,[47]
971,[47]
972,[2390]
973,[1745]
974,"[2301, 2263, 2116]"
975,"[1353, 975, 1481, 1927]"
976,[47]
977,[2473]
978,[47]
979,"[1347, 2046, 534, 2398]"
980,[338]
981,"[2428, 1207, 1686, 523, 295, 2199]"
982,[47]
983,"[217, 867, 262, 72, 1971, 100, 1917, 1328, 1055, 543, 807, 1684, 939]"
984,"[2286, 249]"
985,"[2147, 1269, 250, 2447, 1011, 650, 2054, 1703, 1751, 1071, 1804]"
986,[1001]
987,"[852, 2340, 504, 304, 894, 246, 189, 1979, 2389, 1818, 2126, 1881, 1139, 1473, 593, 225, 1712, 1336, 1918, 628, 674, 1452, 2047, 1186, 362, 1325, 216, 1968, 94, 2347, 350, 7, 241, 2337, 857]"
988,"[988, 1703]"
989,"[1760, 1734, 140]"
990,"[576, 1722]"
991,[2409]
992,"[992, 1541]"
993,[1685]
994,[47]
995,[47]
996,[47]
997,[1584]
998,[952]
999,[1399]
1000,[1762]
1001,"[986, 709, 1742, 473, 2159, 2043, 2382, 1350, 1189, 1800, 686, 895, 2356, 1518, 345, 1660, 518, 164, 1271, 1029, 2335, 1298, 1731, 1700, 145, 2231, 1201, 641, 2228, 619, 2337]"
1002,[47]
1003,"[1135, 1452, 1506]"
1004,[1036]
1005,"[1005, 421, 1541]"
1006,"[228, 535, 1499]"
1007,"[264, 1366, 1086, 515, 1166, 1952, 836, 2048, 882, 778]"
1008,"[1986, 894, 1475, 454, 1628, 1008, 1155, 1437, 1032, 1568, 86, 1844, 2201, 1915, 1686, 1819, 1694, 21, 2170, 427, 2305, 2294, 2018, 908]"
1009,[94]
1010,[47]
1011,"[1831, 2013, 952, 728, 2144, 2114, 1135, 1954, 397, 1056, 148, 1481, 446, 1452, 701, 985, 2332, 1011, 2345, 650, 2054, 2359, 1703, 859, 2409, 1377, 908]"
1012,[47]
1013,"[2047, 2360]"
1014,[47]
1015,[1758]
1016,"[2147, 680, 1432, 2218, 698, 804, 908]"
1017,[47]
1018,[633]
1019,[675]
1020,"[1020, 2456, 737]"
1021,"[1021, 535]"
1022,[2423]
1023,[1756]
1024,"[2045, 181, 1024, 2054, 2359]"
1025,[47]
1026,"[2301, 186]"
1027,[350]
1028,"[1028, 344]"
1029,"[1001, 2144, 1139, 1481, 741, 144, 1029, 216, 1927, 2409, 908, 1647]"
1030,"[193, 590, 2301, 2263]"
1031,[1497]
1032,"[1008, 86]"
1033,[47]
1034,"[582, 344, 1686, 1819, 657, 216]"
1035,"[1590, 1111]"
1036,"[1004, 1952, 1452, 714, 1515, 1036, 2017, 274]"
1037,[47]
1038,[1989]
1039,[1887]
1040,[47]
1041,"[1041, 1135, 2296, 1936, 1360, 601, 2475, 1452, 2447, 501, 1506, 1311, 478]"
1042,"[1866, 2293, 1880, 1042]"
1043,[47]
1044,[484]
1045,[593]
1046,[1305]
1047,[2448]
1048,[47]
1049,"[61, 1374, 2449]"
1050,[1568]
1051,[47]
1052,"[297, 2252, 1346]"
1053,[47]
1054,[47]
1055,"[867, 983]"
1056,"[1473, 1011, 21, 2305, 2232, 1311]"
1057,[1352]
1058,[47]
1059,"[720, 1508]"
1060,"[293, 1648, 1942, 278, 1060, 348, 2247]"
1061,"[1383, 1463]"
1062,"[949, 2124, 2437, 2475, 533, 1666, 769, 1062]"
1063,"[1102, 150]"
1064,[510]
1065,[2301]
1066,"[1357, 523, 1074, 2054, 526, 1066]"
1067,"[920, 2365]"
1068,"[1881, 161, 963, 1760, 576, 2218, 2054, 908]"
1069,[1076]
1070,[396]
1071,[985]
1072,[47]
1073,[47]
1074,"[1074, 2054, 295, 1066, 2199]"
1075,"[757, 2324]"
1076,"[930, 1599, 1995, 1573, 2010, 1991, 2147, 311, 1069, 1139, 330, 1595, 497, 1076, 2054, 160, 2373]"
1077,[1139]
1078,[1422]
1079,[1147]
1080,[36]
1081,[47]
1082,[47]
1083,[2054]
1084,[773]
1085,"[2038, 1352, 2073, 2161, 2445]"
1086,[1007]
1087,[47]
1088,"[2404, 2375, 1877]"
1089,"[577, 2226]"
1090,[47]
1091,[47]
1092,[2237]
1093,[2433]
1094,"[2044, 198]"
1095,"[1497, 150, 1095]"
1096,[1981]
1097,[47]
1098,"[1098, 1373, 1524, 1123]"
1099,"[952, 365, 904, 1346, 605, 2137]"
1100,[2158]
1101,[47]
1102,"[1309, 1063]"
1103,"[1139, 1103, 592, 478]"
1104,[1452]
1105,[47]
1106,[47]
1107,"[70, 2455, 309]"
1108,[920]
1109,[1762]
1110,[473]
1111,[1035]
1112,[210]
1113,[47]
1114,[2428]
1115,[2054]
1116,[2023]
1117,[1933]
1118,[1118]
1119,[47]
1120,"[1888, 938]"
1121,[1441]
1122,[596]
1123,"[1098, 952, 1346]"
1124,"[2064, 1124, 1311]"
1125,"[1125, 446]"
1126,[47]
1127,[1730]
1128,"[894, 370]"
1129,[47]
1130,[1881]
1131,[47]
1132,"[171, 137, 1938]"
1133,"[51, 393, 2286, 1362, 1798]"
1134,[47]
1135,"[877, 1831, 885, 117, 1634, 867, 1910, 324, 349, 952, 385, 560, 2133, 1041, 2271, 470, 1834, 1139, 1481, 601, 1814, 1452, 609, 71, 576, 250, 1003, 1673, 1011, 650, 2218, 2054, 567, 921, 1248, 2359, 2031, 94, 501, 1292, 1506, 1311, 417, 2379, 486, 2450, 149, 52, 2291, 1817, 834, 1752, 2081, 908, 2199]"
1136,"[1360, 1695, 2359]"
1137,"[2237, 1747]"
1138,[1929]
1139,"[897, 2013, 1077, 2147, 2412, 2389, 1656, 774, 1135, 1155, 194, 1881, 987, 1139, 2301, 1925, 418, 1424, 1762, 1144, 2026, 1303, 1473, 562, 2437, 2315, 628, 1076, 2227, 1029, 2054, 1103, 1968, 1335, 1927, 1399]"
1140,[2360]
1141,[47]
1142,"[1142, 250, 2324]"
1143,[2475]
1144,"[1211, 1970, 1139]"
1145,"[49, 1145]"
1146,[47]
1147,[1079]
1148,[47]
1149,[47]
1150,[47]
1151,"[1385, 148]"
1152,[1481]
1153,[47]
1154,[47]
1155,"[1211, 852, 545, 324, 952, 1561, 385, 1628, 2432, 1008, 1155, 376, 2271, 2456, 1139, 630, 1474, 1568, 1762, 86, 2180, 1481, 2201, 446, 1915, 1756, 2475, 1819, 674, 2394, 53, 21, 2218, 2054, 2170, 835, 1313, 551, 340, 1927, 2409, 495, 754, 908]"
1156,[47]
1157,"[506, 1492, 216, 1927, 2409]"
1158,[2411]
1159,[1902]
1160,[47]
1161,[1229]
1162,[2218]
1163,[47]
1164,[497]
1165,"[1860, 1899]"
1166,"[2048, 1007]"
1167,[1677]
1168,[759]
1169,"[1177, 773]"
1170,"[1192, 1790, 314]"
1171,[47]
1172,[47]
1173,[47]
1174,[47]
1175,"[304, 396, 814]"
1176,[47]
1177,"[1384, 1169, 9]"
1178,"[634, 2108, 1195, 341, 951]"
1179,[673]
1180,[47]
1181,[47]
1182,"[1859, 447]"
1183,[1872]
1184,[47]
1185,"[614, 2444, 677]"
1186,[987]
1187,"[2437, 2443, 1407, 753]"
1188,[48]
1189,[1001]
1190,[285]
1191,[47]
1192,[1170]
1193,[148]
1194,[47]
1195,"[1520, 1789, 1178, 341]"
1196,[897]
1197,[1315]
1198,[47]
1199,[1374]
1200,[397]
1201,"[1001, 1201]"
1202,[1759]
1203,[94]
1204,[47]
1205,[1471]
1206,"[1616, 155, 1933, 370]"
1207,"[2428, 981, 1686, 523, 2199]"
1208,[47]
1209,[47]
1210,[1974]
1211,"[749, 1211, 897, 1155, 194, 1144, 1707]"
1212,[47]
1213,[1240]
1214,[613]
1215,[2360]
1216,[1938]
1217,[349]
1218,[343]
1219,"[2169, 424]"
1220,[2359]
1221,[2435]
1222,[2147]
1223,[1227]
1224,"[349, 1366]"
1225,"[1225, 1253, 451]"
1226,[47]
1227,"[1653, 1223]"
1228,[47]
1229,[1161]
1230,"[881, 1983]"
1231,[702]
1232,[47]
1233,[47]
1234,[47]
1235,[47]
1236,"[1452, 1761]"
1237,[47]
1238,[172]
1239,"[1481, 685]"
1240,"[1240, 1213, 755, 426, 1566, 2455, 2218]"
1241,"[1423, 1483]"
1242,"[1242, 94]"
1243,[1987]
1244,"[2304, 1244, 1429]"
1245,[47]
1246,[47]
1247,[444]
1248,[1135]
1249,"[1825, 1746, 908]"
1250,"[1250, 1981]"
1251,[47]
1252,[47]
1253,"[2452, 1225, 1925, 1762, 2437, 2384, 451]"
1254,"[18, 26]"
1255,[47]
1256,[47]
1257,[908]
1258,[47]
1259,[47]
1260,[639]
1261,[49]
1262,[2359]
1263,"[530, 598]"
1264,[952]
1265,[47]
1266,[47]
1267,[963]
1268,[1366]
1269,[985]
1270,[47]
1271,[1001]
1272,[1272]
1273,"[265, 110, 599, 2070, 1756, 2315, 2351, 1273, 541]"
1274,[812]
1275,[446]
1276,[47]
1277,[47]
1278,[2060]
1279,[47]
1280,[63]
1281,"[2117, 1420]"
1282,[1558]
1283,"[194, 799]"
1284,[881]
1285,[565]
1286,"[2402, 270, 172, 2218, 519, 93]"
1287,[47]
1288,"[1288, 2045]"
1289,[2019]
1290,[47]
1291,[47]
1292,[1135]
1293,[1372]
1294,[613]
1295,[47]
1296,[94]
1297,"[1686, 523, 2199]"
1298,[1001]
1299,[47]
1300,[1383]
1301,[47]
1302,[628]
1303,[1139]
1304,[2117]
1305,[1046]
1306,"[728, 1306, 891, 1952, 235, 835, 761, 2423]"
1307,"[773, 2103]"
1308,[2185]
1309,"[1102, 1414]"
1310,[375]
1311,"[1041, 1135, 1056, 628, 1680, 1505, 2330, 1124, 1412, 478]"
1312,[47]
1313,"[728, 1155, 1689]"
1314,[1601]
1315,"[853, 1197, 932, 579, 1315, 2242]"
1316,[47]
1317,[47]
1318,[47]
1319,[47]
1320,"[1887, 769]"
1321,[47]
1322,[2218]
1323,[708]
1324,"[123, 467, 296, 621, 2025, 2058, 1681, 1476, 1395, 2364, 636, 1658, 1650, 1508, 1911, 1864, 472, 2152, 931, 884, 964, 1485, 837, 538, 428]"
1325,"[987, 1760, 576]"
1326,[47]
1327,"[1327, 1724, 210]"
1328,"[983, 1762, 1328, 1686]"
1329,[47]
1330,[47]
1331,[633]
1332,[951]
1333,[682]
1334,"[1360, 2054]"
1335,"[867, 324, 2010, 33, 1656, 2271, 1139, 1952, 741, 674, 216, 2054, 2359, 1335, 2370, 2409]"
1336,[987]
1337,[330]
1338,[2023]
1339,[47]
1340,[47]
1341,[47]
1342,[47]
1343,[47]
1344,[47]
1345,"[2261, 1648, 1346, 2054, 1751]"
1346,"[1857, 2261, 1052, 952, 206, 1345, 672, 380, 2097, 904, 1373, 1386, 838, 433, 446, 1123, 147, 576, 1099, 53, 2352, 1528, 2054, 1944, 918, 771, 2256, 501, 2137, 113]"
1347,[979]
1348,[515]
1349,[47]
1350,"[473, 1001, 1350]"
1351,[1481]
1352,"[2136, 1468, 1472, 2038, 1352, 1057, 1085, 1622, 94, 1507, 2188, 542, 912, 2445, 69]"
1353,"[1353, 975, 1360, 1481, 2244, 1452, 2332, 94, 1927, 2409, 2372, 2313]"
1354,[47]
1355,[47]
1356,"[1356, 209]"
1357,"[526, 1066]"
1358,[47]
1359,[567]
1360,"[2377, 1441, 676, 2079, 1353, 1360, 1881, 1568, 2286, 2293, 73, 2047, 2054, 1907, 2317, 1334, 1832, 1136, 282, 1736, 1506, 1976, 2423]"
1361,[47]
1362,"[962, 1967, 1133]"
1363,"[285, 1981, 456]"
1364,[49]
1365,[47]
1366,"[655, 349, 2117, 38, 1268, 2417, 1952, 1783, 2062, 1839, 2457, 2288, 1872, 2066, 1765, 719, 1007, 1224]"
1367,[47]
1368,"[924, 640]"
1369,[908]
1370,[47]
1371,"[397, 94]"
1372,"[1372, 1293]"
1373,"[1098, 139, 1646, 684, 1373, 2393, 279, 722, 2308, 934, 1346, 2411, 2088, 1743, 147, 576, 138, 2054, 790, 1751, 177, 1955, 1749, 1540]"
1374,"[1199, 1952, 1049, 409, 2449, 769]"
1375,[908]
1376,[47]
1377,"[452, 1986, 397, 2411, 1756, 1011, 879, 548, 1377, 908]"
1378,[918]
1379,[662]
1380,[2411]
1381,[47]
1382,[47]
1383,"[1981, 1737, 159, 1430, 1300, 2262, 1061, 544]"
1384,[1177]
1385,"[1151, 446]"
1386,"[1386, 1346, 2352]"
1387,[47]
1388,[47]
1389,[2473]
1390,"[2117, 18]"
1391,[21]
1392,[47]
1393,[47]
1394,"[2402, 270]"
1395,"[1395, 1324]"
1396,[1638]
1397,[47]
1398,[47]
1399,"[999, 2281, 1139, 2202]"
1400,[2409]
1401,[38]
1402,"[211, 1585]"
1403,"[799, 1893]"
1404,"[61, 1404]"
1405,[47]
1406,[863]
1407,"[1427, 1499, 2437, 2238, 2139, 1989, 753, 833, 1187]"
1408,[47]
1409,[605]
1410,[47]
1411,"[789, 1625, 495, 2210]"
1412,[1311]
1413,[2271]
1414,"[1309, 1673]"
1415,[47]
1416,"[1416, 210]"
1417,[47]
1418,"[881, 2395, 156]"
1419,[47]
1420,"[2117, 403, 1281]"
1421,"[1898, 2054]"
1422,"[2153, 444, 1078, 2052, 708, 126, 1442, 2337]"
1423,"[1423, 469, 22, 1241, 792, 2089, 1690, 2251]"
1424,"[1139, 567, 893, 566]"
1425,[47]
1426,[1426]
1427,"[258, 1675, 1818, 535, 1671, 1407, 2360]"
1428,[47]
1429,[1244]
1430,[1383]
1431,"[935, 2006]"
1432,[1016]
1433,[47]
1434,[1460]
1435,[728]
1436,[634]
1437,"[1008, 1686]"
1438,"[695, 1438]"
1439,[47]
1440,[47]
1441,"[1360, 1121]"
1442,[1422]
1443,[2020]
1444,[47]
1445,[47]
1446,"[2237, 1747, 161, 344, 1904, 487]"
1447,[47]
1448,[47]
1449,"[1449, 397, 576, 2054, 711, 968]"
1450,"[304, 1450]"
1451,[1762]
1452,"[404, 1831, 622, 324, 385, 2101, 1041, 2432, 1236, 2029, 1135, 1353, 695, 2126, 2271, 470, 1834, 987, 1104, 1481, 2437, 2238, 1452, 71, 2332, 576, 250, 1003, 1673, 57, 1011, 650, 2218, 2054, 567, 2359, 1036, 484, 592, 248, 486, 548, 754, 2291, 1817, 908, 478, 274]"
1453,[47]
1454,[826]
1455,"[1919, 1455]"
1456,[229]
1457,[779]
1458,[18]
1459,"[873, 1602, 2006, 805]"
1460,[1434]
1461,[835]
1462,[47]
1463,"[1547, 1061, 2083]"
1464,[682]
1465,[47]
1466,"[1523, 2176]"
1467,"[349, 339]"
1468,"[2038, 2093, 1352, 2445]"
1469,"[2198, 28]"
1470,[786]
1471,[1205]
1472,[1352]
1473,"[987, 1139, 1056, 2471]"
1474,[1155]
1475,[1008]
1476,[1324]
1477,[47]
1478,[47]
1479,[2048]
1480,[2352]
1481,"[474, 1623, 1152, 952, 385, 2144, 689, 2389, 2460, 1135, 355, 1353, 1155, 975, 2271, 2215, 1481, 685, 446, 2437, 744, 1452, 2332, 1011, 523, 1029, 650, 2218, 2054, 1951, 487, 1351, 1927, 501, 1239, 2198, 2409, 486, 1817, 908]"
1482,[298]
1483,[1241]
1484,[1872]
1485,[1324]
1486,"[897, 2182]"
1487,[1693]
1488,[2175]
1489,"[605, 1828]"
1490,[47]
1491,[2352]
1492,[1157]
1493,[280]
1494,[1494]
1495,[150]
1496,"[408, 835]"
1497,"[1031, 125, 1095]"
1498,[633]
1499,"[2162, 1818, 535, 1006, 244, 1407, 2360, 1787, 833]"
1500,"[1762, 290]"
1501,[1541]
1502,[1011]
1503,[2352]
1504,"[1922, 1583]"
1505,"[446, 2048, 2359, 1311]"
1506,"[1041, 388, 1135, 1360, 1881, 71, 1003, 879, 1575, 1506, 486, 2291, 872]"
1507,[1352]
1508,"[1059, 1324]"
1509,[47]
1510,[1531]
1511,[47]
1512,[47]
1513,"[867, 1762]"
1514,[194]
1515,[1036]
1516,[47]
1517,[1881]
1518,"[62, 1001]"
1519,[2292]
1520,"[634, 251, 961, 819, 1195, 951]"
1521,[47]
1522,[47]
1523,"[525, 1466]"
1524,[1098]
1525,[2054]
1526,"[941, 2107, 2447, 1828]"
1527,"[1686, 1978]"
1528,"[1346, 1528]"
1529,[1782]
1530,[2299]
1531,[1510]
1532,[47]
1533,"[2385, 605, 2054]"
1534,[2305]
1535,[47]
1536,[2291]
1537,[773]
1538,[47]
1539,[47]
1540,[1373]
1541,"[2367, 992, 1005, 647, 2405, 1501, 421, 94, 2418, 1945, 1541]"
1542,[1689]
1543,"[324, 1543, 2359, 769, 478]"
1544,[1939]
1545,[1697]
1546,[1813]
1547,"[2380, 1463, 1547]"
1548,[47]
1549,[47]
1550,"[1550, 934]"
1551,[47]
1552,[47]
1553,[918]
1554,[1839]
1555,[1939]
1556,[47]
1557,[2352]
1558,"[1282, 2389]"
1559,[47]
1560,[47]
1561,[1155]
1562,[47]
1563,[2352]
1564,[47]
1565,[708]
1566,"[1240, 755, 2455]"
1567,[47]
1568,"[2144, 488, 1008, 1155, 1360, 1050, 94]"
1569,"[128, 399]"
1570,[2365]
1571,[47]
1572,"[1592, 2185]"
1573,"[1076, 2337]"
1574,[2447]
1575,[1506]
1576,[1931]
1577,[47]
1578,[1804]
1579,[47]
1580,[2139]
1581,[47]
1582,[47]
1583,"[923, 1504, 567, 281, 1867]"
1584,[997]
1585,[1402]
1586,[47]
1587,[2447]
1588,[2199]
1589,[47]
1590,"[1035, 1914, 1762, 2000, 399]"
1591,[47]
1592,"[881, 1572]"
1593,"[317, 1760, 1672, 1593]"
1594,"[1599, 34, 189, 2147, 2144, 1594, 2330, 7, 478]"
1595,[1076]
1596,[2301]
1597,"[1927, 1597, 2409]"
1598,[47]
1599,"[1599, 34, 2147, 1711, 434, 1076, 1594, 2409]"
1600,[1600]
1601,[1314]
1602,[1459]
1603,[47]
1604,[47]
1605,[47]
1606,"[949, 290, 1666]"
1607,[2371]
1608,"[773, 1656]"
1609,"[2147, 779]"
1610,[47]
1611,[86]
1612,"[368, 1881]"
1613,[47]
1614,"[231, 2214]"
1615,[1762]
1616,"[1616, 1206]"
1617,[47]
1618,[1618]
1619,"[2010, 1939, 2360, 833]"
1620,[47]
1621,[2305]
1622,[1352]
1623,[1481]
1624,[773]
1625,"[1411, 495]"
1626,[47]
1627,[2409]
1628,"[1008, 2175, 1155, 194, 2437, 1686, 1978, 799, 263, 210, 230, 1642]"
1629,[2054]
1630,[2253]
1631,[2144]
1632,[47]
1633,[47]
1634,"[1135, 71]"
1635,[47]
1636,"[1899, 820, 2056, 1712]"
1637,[47]
1638,[1396]
1639,"[1978, 787]"
1640,[47]
1641,[47]
1642,[1628]
1643,"[2443, 833]"
1644,[399]
1645,[47]
1646,[1373]
1647,[1029]
1648,"[1345, 515, 1942, 1060]"
1649,[47]
1650,[1324]
1651,"[1651, 2380, 779]"
1652,[1813]
1653,"[1653, 1227]"
1654,[47]
1655,"[812, 1655, 2291]"
1656,"[1656, 1139, 1952, 674, 2054, 1798, 1335, 1608]"
1657,[47]
1658,[1324]
1659,[47]
1660,"[1001, 1660]"
1661,[567]
1662,[2105]
1663,[2164]
1664,[47]
1665,[1925]
1666,"[949, 2437, 1666, 1606, 1062]"
1667,[634]
1668,[133]
1669,"[1732, 1669, 586, 765]"
1670,[1762]
1671,"[258, 1427, 535, 1671, 381, 833]"
1672,"[1760, 1734, 1593, 507, 169]"
1673,"[117, 1414, 1135, 855, 1452, 71, 2332, 2054, 2031, 486]"
1674,[47]
1675,[1427]
1676,[47]
1677,[1167]
1678,[47]
1679,"[567, 1679]"
1680,[1311]
1681,[1324]
1682,[1682]
1683,[47]
1684,[983]
1685,[993]
1686,"[867, 2428, 1207, 1297, 981, 33, 1628, 1008, 1437, 595, 344, 1952, 2440, 1328, 1686, 1978, 787, 523, 1527, 2054, 1034, 94, 484, 2235, 295, 370, 908, 2199]"
1687,[47]
1688,[1901]
1689,"[1542, 2359, 1313, 1923]"
1690,"[1423, 1881, 562]"
1691,[47]
1692,"[601, 567]"
1693,"[2118, 1693, 256, 1487, 437, 35]"
1694,"[1008, 1915]"
1695,[1136]
1696,[47]
1697,[1545]
1698,[47]
1699,[881]
1700,"[1001, 775]"
1701,[835]
1702,[2056]
1703,"[988, 1835, 2206, 985, 1011, 2054]"
1704,[47]
1705,[1933]
1706,[47]
1707,"[1211, 21]"
1708,"[172, 519]"
1709,[2008]
1710,[47]
1711,"[897, 1599, 2147, 328, 774, 1711, 2218, 445, 1833, 2361, 2198, 2409, 839, 2407, 908]"
1712,"[987, 1712, 2139, 572, 1636]"
1713,[1872]
1714,[337]
1715,[47]
1716,[47]
1717,"[304, 2330]"
1718,"[457, 2179]"
1719,[47]
1720,[945]
1721,[47]
1722,"[990, 908]"
1723,[47]
1724,"[353, 1327]"
1725,[47]
1726,[2054]
1727,[47]
1728,"[941, 1828, 94]"
1729,[47]
1730,"[1127, 2389]"
1731,[1001]
1732,[1669]
1733,[2078]
1734,"[317, 1760, 1672, 1734, 989, 140]"
1735,[49]
1736,"[1803, 1360, 1881, 2447]"
1737,[1383]
1738,[695]
1739,[473]
1740,[639]
1741,[1741]
1742,[1001]
1743,[1373]
1744,[47]
1745,"[539, 973]"
1746,[1249]
1747,"[1805, 2237, 1137, 1446, 1747, 1764, 793, 60, 754]"
1748,[1798]
1749,[1373]
1750,[866]
1751,"[1345, 1373, 985, 576, 2054]"
1752,"[1135, 2475]"
1753,[2117]
1754,[47]
1755,[47]
1756,"[897, 2327, 728, 1993, 1155, 397, 760, 1023, 1881, 2007, 1844, 1813, 2437, 1756, 2422, 907, 2218, 879, 2178, 1273, 1377, 754, 112, 908]"
1757,[399]
1758,[1015]
1759,[1202]
1760,"[317, 397, 1068, 1760, 1672, 1325, 2054, 1734, 1593, 461, 989]"
1761,"[1236, 2054]"
1762,"[268, 632, 867, 187, 189, 1590, 108, 549, 1513, 651, 254, 774, 1806, 1155, 2271, 1835, 1139, 1925, 1762, 2437, 1500, 382, 2475, 1615, 1328, 2394, 2447, 1670, 748, 1253, 1109, 96, 1998, 2313, 1000, 556, 1451]"
1763,[551]
1764,"[2237, 1747]"
1765,"[1366, 271, 719, 2003]"
1766,[2147]
1767,[1981]
1768,[47]
1769,[47]
1770,[47]
1771,[47]
1772,"[399, 1772]"
1773,[1939]
1774,[2337]
1775,[1775]
1776,"[1776, 1930, 2352]"
1777,"[2265, 1900, 598]"
1778,[47]
1779,[47]
1780,[1808]
1781,[833]
1782,[1529]
1783,"[1366, 1872]"
1784,[47]
1785,[47]
1786,"[897, 2349]"
1787,[1499]
1788,[2433]
1789,"[1195, 341]"
1790,"[897, 1170]"
1791,[47]
1792,[47]
1793,[230]
1794,[47]
1795,[1933]
1796,[47]
1797,[759]
1798,"[1860, 1909, 1656, 490, 2212, 714, 1133, 269, 1748, 625]"
1799,[47]
1800,[1001]
1801,[561]
1802,[47]
1803,[1736]
1804,"[1578, 2326, 2147, 985, 1804]"
1805,[1747]
1806,[1762]
1807,[805]
1808,[1780]
1809,[2330]
1810,[47]
1811,[47]
1812,[47]
1813,"[1546, 1652, 1756]"
1814,"[1135, 601]"
1815,[47]
1816,[773]
1817,"[1135, 402, 1481, 2201, 1452, 2332, 650, 1817]"
1818,"[2162, 397, 1427, 1881, 987, 148, 2026, 1499, 674, 2139, 879, 2360, 833, 495]"
1819,"[1008, 1155, 344, 1819, 657, 216, 2170, 1034, 544]"
1820,[47]
1821,[47]
1822,[397]
1823,[47]
1824,[397]
1825,[1249]
1826,[2426]
1827,[47]
1828,"[941, 344, 338, 2447, 1728, 2218, 1828, 1968, 94, 1489, 1526, 287]"
1829,[1981]
1830,"[2171, 462]"
1831,"[1831, 1135, 1452, 71, 1011]"
1832,"[62, 1360, 2409]"
1833,[1711]
1834,"[897, 867, 324, 1135, 1834, 1452, 71, 486, 548]"
1835,"[1762, 290, 1703]"
1836,[47]
1837,[47]
1838,[525]
1839,"[1366, 1554]"
1840,[47]
1841,[47]
1842,[92]
1843,[590]
1844,"[1986, 728, 1008, 1756]"
1845,[47]
1846,[1981]
1847,[47]
1848,"[695, 478]"
1849,[47]
1850,"[728, 1951]"
1851,"[394, 397]"
1852,"[397, 2271, 1881, 2218, 968]"
1853,[47]
1854,[2447]
1855,[49]
1856,"[2389, 528]"
1857,[1346]
1858,"[1881, 1858]"
1859,[1182]
1860,"[1165, 1798, 269]"
1861,[835]
1862,[47]
1863,[613]
1864,[1324]
1865,[150]
1866,"[615, 1042]"
1867,"[661, 525, 2218, 1583]"
1868,[47]
1869,[2123]
1870,[47]
1871,[764]
1872,"[349, 1366, 1484, 1183, 1783, 2457, 1872, 1713, 2128]"
1873,[559]
1874,[1938]
1875,[47]
1876,"[62, 1876]"
1877,[1088]
1878,[397]
1879,"[920, 2365]"
1880,"[615, 1042]"
1881,"[81, 897, 1517, 368, 1852, 349, 189, 2389, 2079, 397, 1818, 396, 1360, 1881, 987, 1139, 148, 1068, 1612, 1756, 628, 2047, 103, 2218, 216, 2054, 1858, 2388, 188, 2347, 1130, 1736, 8, 769, 1506, 486, 1690, 2210, 908, 968, 3]"
1882,[155]
1883,[2295]
1884,[47]
1885,[47]
1886,[47]
1887,"[285, 1887, 1981, 1039, 1320, 20, 218]"
1888,"[132, 1120]"
1889,"[799, 1889, 230]"
1890,[2140]
1891,"[2473, 732]"
1892,"[1920, 805]"
1893,"[194, 1403]"
1894,[47]
1895,[249]
1896,"[1896, 2205]"
1897,[47]
1898,"[1898, 2282, 710, 1421]"
1899,"[1165, 2056, 2120, 2286, 1952, 2447, 2218, 1636, 2023]"
1900,"[1777, 598]"
1901,"[1688, 1968]"
1902,[1159]
1903,"[18, 587]"
1904,"[1446, 793, 487]"
1905,"[567, 861]"
1906,[563]
1907,[1360]
1908,[633]
1909,[1798]
1910,[1135]
1911,[1324]
1912,[47]
1913,"[689, 2443]"
1914,"[1590, 916]"
1915,"[1008, 1155, 1694, 2170, 2390]"
1916,[47]
1917,"[983, 840]"
1918,"[987, 427]"
1919,"[1455, 769]"
1920,[1892]
1921,"[344, 216]"
1922,[1504]
1923,[1689]
1924,[47]
1925,"[774, 1139, 1925, 1762, 2028, 2437, 2475, 1665, 1253, 94, 2313, 908]"
1926,"[446, 918]"
1927,"[2013, 952, 2144, 1353, 1155, 975, 361, 183, 1139, 1481, 2273, 2323, 1157, 2244, 196, 2332, 1029, 216, 1927, 1597, 2409, 903, 2199]"
1928,[47]
1929,[1138]
1930,"[1776, 1930]"
1931,"[1576, 2218, 908]"
1932,[47]
1933,"[1795, 155, 1206, 1933, 1705, 1117, 370]"
1934,[1962]
1935,[47]
1936,[1041]
1937,[47]
1938,"[1216, 98, 1132, 2416, 2207, 1874, 913, 908]"
1939,"[1555, 1544, 45, 2392, 788, 308, 693, 808, 1773, 23, 2360, 1619, 880]"
1940,[2288]
1941,[47]
1942,"[1648, 953, 1942, 205, 1060]"
1943,[769]
1944,[1346]
1945,[1541]
1946,[47]
1947,"[490, 1947]"
1948,[47]
1949,[47]
1950,[47]
1951,"[1481, 1952, 1850, 1951]"
1952,"[655, 1899, 2099, 454, 2010, 1991, 1366, 33, 1656, 928, 61, 397, 1306, 214, 1952, 741, 322, 179, 1374, 2457, 1686, 463, 674, 2447, 2218, 2054, 1951, 2200, 714, 835, 2359, 239, 1036, 1335, 1007, 203, 769, 908, 2373]"
1953,[210]
1954,"[1011, 2345]"
1955,"[1373, 790]"
1956,[814]
1957,"[2100, 894, 695, 478, 2337]"
1958,[2170]
1959,[1959]
1960,[47]
1961,[47]
1962,[1934]
1963,[47]
1964,[47]
1965,[599]
1966,"[448, 2036, 598]"
1967,"[962, 1362]"
1968,"[897, 987, 1139, 1828, 567, 94, 834, 1901]"
1969,[47]
1970,[1144]
1971,[983]
1972,[848]
1973,[47]
1974,"[1210, 31, 2179]"
1975,[2369]
1976,[1360]
1977,"[1977, 662]"
1978,"[1628, 1639, 1686, 1527, 2209]"
1979,[987]
1980,[674]
1981,"[627, 1363, 285, 1250, 1887, 1981, 1383, 2144, 33, 2439, 674, 1096, 576, 1846, 1829, 1767, 460, 908, 2368, 456]"
1982,"[952, 858]"
1983,"[881, 1230, 2185]"
1984,"[2355, 2144, 2048, 577, 2226]"
1985,[47]
1986,"[1008, 397, 760, 1844, 1377]"
1987,"[189, 2266, 176, 2447, 2149, 1987, 1243]"
1988,[47]
1989,"[228, 368, 736, 639, 2132, 628, 522, 1038, 1989, 1407, 2330, 753, 883, 908]"
1990,"[2271, 2054]"
1991,"[2010, 1991, 1952, 1076, 2200, 2373]"
1992,[47]
1993,[1756]
1994,"[728, 1994, 216]"
1995,[1076]
1996,[47]
1997,[47]
1998,[1762]
1999,[47]
2000,"[1590, 2000]"
2001,[2001]
2002,"[2002, 923, 567]"
2003,"[271, 1765]"
2004,"[2234, 1638]"
2005,[47]
2006,"[1459, 1431]"
2007,"[1756, 333, 2218]"
2008,"[1709, 397]"
2009,[47]
2010,"[2010, 1991, 1952, 628, 1076, 2054, 698, 1335, 1619]"
2011,"[2011, 286]"
2012,[47]
2013,"[2013, 2144, 1139, 196, 1011, 1927, 2409]"
2014,[634]
2015,[47]
2016,[558]
2017,"[900, 891, 1036, 2017]"
2018,"[1008, 2294]"
2019,"[2284, 277, 2050, 1289, 2019, 447]"
2020,[1443]
2021,[47]
2022,"[2355, 2226]"
2023,"[1899, 628, 2023, 1116, 908, 1338]"
2024,[593]
2025,[1324]
2026,"[1818, 1139, 2139]"
2027,[951]
2028,[1925]
2029,[1452]
2030,[47]
2031,"[897, 1135, 1673]"
2032,[2032]
2033,[2139]
2034,[47]
2035,[47]
2036,[1966]
2037,[2352]
2038,"[1468, 1352, 1085]"
2039,[47]
2040,[47]
2041,"[2084, 284]"
2042,[47]
2043,[1001]
2044,[1094]
2045,"[1288, 2045, 1024, 2054, 2359, 754]"
2046,[979]
2047,"[1013, 2389, 1360, 1881, 987, 491]"
2048,"[2355, 515, 2090, 1166, 2048, 1479, 882, 577, 1505, 1007, 1984, 2226, 778]"
2049,[47]
2050,"[277, 2019]"
2051,[848]
2052,"[1422, 2430, 289, 957, 708]"
2053,[194]
2054,"[897, 867, 324, 189, 2010, 1345, 385, 1990, 1656, 1449, 1135, 1155, 397, 760, 2271, 1360, 1881, 2045, 1139, 2387, 1373, 148, 1726, 2286, 2272, 176, 2180, 1068, 1481, 181, 1952, 1346, 1533, 2350, 1760, 1686, 674, 434, 2203, 1452, 985, 576, 1024, 250, 1076, 1673, 1011, 1083, 523, 1074, 650, 2054, 1115, 714, 2359, 1703, 1629, 1761, 484, 1751, 1335, 1334, 711, 2235, 1525, 486, 846, 1421, 834, 696, 677, 241, 1066, 908, 478, 2423, 739]"
2055,[47]
2056,"[1702, 1899, 820, 629, 2056, 759, 708, 705, 1636]"
2057,[2288]
2058,[1324]
2059,[47]
2060,"[110, 1278, 599, 80, 224]"
2061,[47]
2062,[1366]
2063,[598]
2064,[1124]
2065,[47]
2066,[1366]
2067,[480]
2068,[2218]
2069,[2123]
2070,[1273]
2071,"[2306, 2291, 478]"
2072,[247]
2073,"[1085, 94]"
2074,[47]
2075,[216]
2076,"[216, 2409]"
2077,"[137, 446]"
2078,[1733]
2079,"[1360, 1881]"
2080,[47]
2081,"[1135, 548]"
2082,[708]
2083,[1463]
2084,[2041]
2085,"[2325, 1374, 50]"
2086,[47]
2087,[634]
2088,[1373]
2089,"[1423, 469]"
2090,"[2048, 778]"
2091,[2416]
2092,"[2409, 2313]"
2093,[1468]
2094,[2218]
2095,[897]
2096,[47]
2097,"[2261, 2097, 1346, 918]"
2098,[2455]
2099,"[655, 1952, 959]"
2100,"[867, 894, 1957, 741, 2291, 2337]"
2101,"[2101, 2475, 1452, 216, 903]"
2102,[47]
2103,"[773, 1307]"
2104,[904]
2105,[1662]
2106,[2433]
2107,"[941, 1526, 2168]"
2108,"[634, 1178]"
2109,[2288]
2110,[754]
2111,[47]
2112,[49]
2113,[47]
2114,[1011]
2115,[47]
2116,[974]
2117,"[1390, 336, 1366, 2117, 403, 2457, 663, 1281, 1753, 1420, 1304]"
2118,"[897, 2118, 1693, 53, 548]"
2119,[47]
2120,"[1899, 865]"
2121,[47]
2122,[915]
2123,"[1869, 2069, 2415, 2123]"
2124,"[2437, 1062]"
2125,[349]
2126,"[622, 987, 1452, 486, 2337]"
2127,[47]
2128,[1872]
2129,[344]
2130,"[2130, 209]"
2131,[495]
2132,[1989]
2133,[1135]
2134,"[2162, 446, 605]"
2135,[47]
2136,"[1352, 2441, 2447]"
2137,"[1346, 1099, 2137]"
2138,[47]
2139,"[1818, 363, 2026, 1580, 1712, 2475, 2150, 2033, 1407, 572]"
2140,"[2447, 1890]"
2141,"[2141, 2422]"
2142,[47]
2143,[2295]
2144,"[2013, 1981, 2144, 397, 1568, 1481, 1011, 1594, 1029, 2218, 1631, 2305, 2263, 1984, 1927, 2409, 2232, 495, 754, 908]"
2145,[2352]
2146,[2406]
2147,"[185, 1016, 1599, 34, 2448, 2147, 653, 515, 763, 666, 1139, 635, 2380, 1609, 1711, 985, 1076, 2279, 1594, 682, 779, 1766, 1222, 1804, 529, 2264, 677, 2343]"
2148,[2359]
2149,"[674, 1987, 626, 857]"
2150,"[850, 2139]"
2151,[835]
2152,[1324]
2153,"[1422, 246, 94, 126]"
2154,[908]
2155,[523]
2156,[47]
2157,[47]
2158,[1100]
2159,"[473, 1001]"
2160,"[38, 240, 2235, 26]"
2161,"[1085, 2161]"
2162,"[1818, 2134, 1499, 2443, 753, 833, 2320]"
2163,[848]
2164,"[81, 2164, 2253, 1663, 182]"
2165,[47]
2166,[2166]
2167,[47]
2168,[2107]
2169,"[1219, 948, 284, 424]"
2170,"[1008, 1155, 1915, 1819, 2170, 1958]"
2171,"[1830, 2286, 249, 462, 625]"
2172,[47]
2173,[680]
2174,[47]
2175,"[150, 1628, 2175, 501, 1488]"
2176,[1466]
2177,[2177]
2178,"[1756, 2178, 65, 754]"
2179,"[1974, 1718]"
2180,"[655, 33, 1155, 405, 2271, 2180, 2350, 674, 576, 2054, 94, 959, 2198]"
2181,[752]
2182,[1486]
2183,[2387]
2184,[47]
2185,"[1983, 1572, 1308]"
2186,[47]
2187,[47]
2188,[1352]
2189,"[423, 2368]"
2190,[47]
2191,"[634, 951]"
2192,[47]
2193,[47]
2194,"[49, 2194]"
2195,[2450]
2196,[47]
2197,[47]
2198,"[150, 2180, 1481, 1711, 2218, 668, 28, 1469]"
2199,"[2428, 1207, 1297, 981, 1135, 361, 1686, 523, 1074, 1588, 94, 1927, 295, 2199]"
2200,"[1991, 1952, 769]"
2201,"[1008, 1155, 397, 1817]"
2202,[1399]
2203,"[176, 2054]"
2204,[47]
2205,[1896]
2206,[1703]
2207,[1938]
2208,[47]
2209,[1978]
2210,"[1411, 1881, 495, 2210]"
2211,[755]
2212,"[891, 1798]"
2213,[47]
2214,[1614]
2215,"[1481, 708, 443]"
2216,[47]
2217,[519]
2218,"[897, 867, 1899, 1322, 1016, 1240, 1852, 670, 2144, 1135, 1155, 2271, 1881, 2007, 1068, 1481, 1952, 462, 2437, 1756, 521, 1162, 2094, 1711, 1452, 333, 1286, 576, 2447, 236, 2218, 1828, 567, 519, 2359, 551, 484, 93, 2235, 1867, 2198, 486, 690, 2068, 2291, 908, 1931]"
2219,[47]
2220,[47]
2221,[47]
2222,[639]
2223,[2223]
2224,[47]
2225,[2409]
2226,"[1089, 2022, 2048, 577, 1984]"
2227,"[99, 1139, 2227]"
2228,[1001]
2229,[908]
2230,"[33, 674, 966, 2230, 633]"
2231,[1001]
2232,"[2144, 1056, 19, 803, 835, 2305, 2232, 754]"
2233,[47]
2234,[2004]
2235,"[2160, 324, 2457, 1686, 2218, 2054, 2235, 834, 908, 968]"
2236,[47]
2237,"[1092, 2237, 1137, 1446, 1747, 175, 1764, 104, 793, 60, 2319]"
2238,"[363, 1452, 1407]"
2239,[2352]
2240,[47]
2241,[47]
2242,[1315]
2243,[47]
2244,"[1353, 845, 216, 35, 1927, 2409]"
2245,[47]
2246,[47]
2247,[1060]
2248,[47]
2249,[2288]
2250,[47]
2251,[1423]
2252,[1052]
2253,"[81, 1630, 2164, 2267]"
2254,[47]
2255,[47]
2256,"[952, 1346]"
2257,"[285, 2305]"
2258,[477]
2259,[2325]
2260,[47]
2261,"[2261, 1345, 2097, 1346, 576]"
2262,[1383]
2263,"[2144, 590, 2301, 1030, 379, 974]"
2264,"[2147, 779]"
2265,[1777]
2266,"[325, 1987]"
2267,"[891, 2253]"
2268,[47]
2269,[47]
2270,[593]
2271,"[867, 1852, 385, 1990, 2432, 275, 1135, 1155, 2271, 1762, 2180, 1481, 2437, 1413, 1452, 576, 250, 2394, 2447, 2218, 2054, 519, 2359, 484, 1335, 501, 486, 570, 908, 556, 2383]"
2272,[2054]
2273,"[216, 1927]"
2274,[47]
2275,[47]
2276,[210]
2277,[47]
2278,[47]
2279,"[2147, 682]"
2280,[47]
2281,[1399]
2282,"[1898, 2390]"
2283,[47]
2284,[2019]
2285,"[397, 210]"
2286,"[984, 1899, 728, 1360, 48, 2286, 2171, 369, 2054, 1133, 269, 2423]"
2287,[47]
2288,"[2057, 220, 1366, 259, 2109, 2288, 2249, 502, 1940]"
2289,"[699, 322, 2457]"
2290,[535]
2291,"[2100, 324, 894, 812, 1135, 536, 695, 2071, 1655, 1452, 2332, 576, 1536, 2218, 769, 1506, 2291, 478, 2337]"
2292,[1519]
2293,"[1360, 615, 468, 1042]"
2294,"[1008, 2018]"
2295,"[2295, 2143, 622, 1883, 515]"
2296,[1041]
2297,[47]
2298,[47]
2299,[1530]
2300,[47]
2301,"[320, 193, 1139, 2301, 2413, 1030, 379, 1026, 974, 1596, 1065, 94, 2263, 909, 908]"
2302,[47]
2303,[62]
2304,[1244]
2305,"[897, 703, 1621, 2144, 1008, 1056, 879, 835, 1534, 2409, 2232, 2257]"
2306,[2071]
2307,[47]
2308,[1373]
2309,[47]
2310,[2433]
2311,"[576, 501]"
2312,[47]
2313,"[2092, 774, 1353, 1925, 418, 1762, 2437, 2475, 2409]"
2314,[754]
2315,"[265, 1139, 1273, 224, 495, 541]"
2316,[47]
2317,[1360]
2318,"[2318, 662, 2419]"
2319,[2237]
2320,[2162]
2321,"[263, 230]"
2322,[567]
2323,[1927]
2324,"[1142, 1075, 250, 591]"
2325,"[195, 2259, 825, 2085]"
2326,[1804]
2327,[1756]
2328,[835]
2329,[749]
2330,"[588, 324, 189, 1717, 446, 2358, 667, 1594, 1989, 835, 1809, 1311, 7]"
2331,[47]
2332,"[324, 1353, 1481, 2475, 1452, 71, 2332, 1673, 1011, 1927, 486, 2291, 1817]"
2333,[47]
2334,[47]
2335,[1001]
2336,"[2389, 176]"
2337,"[1422, 307, 2100, 1001, 1573, 2126, 987, 1774, 1957, 366, 2291, 908, 2337]"
2338,[47]
2339,[350]
2340,[987]
2341,[47]
2342,[47]
2343,"[2147, 2343]"
2344,[47]
2345,"[1954, 1011]"
2346,[63]
2347,"[1881, 987, 2409]"
2348,[47]
2349,"[1786, 364]"
2350,"[894, 2180, 2054]"
2351,"[1273, 224]"
2352,"[1557, 2429, 1776, 943, 875, 515, 1491, 1386, 2037, 1346, 446, 346, 1503, 2239, 2352, 1480, 925, 13, 2145, 1563]"
2353,[47]
2354,[774]
2355,"[2355, 2022, 2048, 577, 1984]"
2356,"[1001, 2356]"
2358,"[2330, 835]"
2359,"[349, 385, 1220, 489, 1135, 2271, 2045, 891, 48, 743, 344, 1952, 1689, 446, 1452, 1024, 1011, 2218, 2054, 1543, 519, 1505, 360, 94, 1335, 65, 1262, 1136, 2148, 486, 495, 754, 908]"
2360,"[1013, 228, 258, 2389, 1818, 1427, 535, 498, 1499, 1140, 1939, 2360, 1619, 1215, 7]"
2361,[1711]
2362,[47]
2363,[179]
2364,[1324]
2365,"[1570, 1067, 1879]"
2366,[47]
2367,"[2367, 647, 1541]"
2368,"[1981, 2189]"
2369,[1975]
2370,"[163, 1335, 2409]"
2371,"[952, 326, 1607, 754]"
2372,[1353]
2373,"[34, 1991, 680, 1952, 1076, 203, 804, 769, 2373]"
2374,"[2374, 918]"
2375,"[2404, 1088]"
2376,[47]
2377,[1360]
2378,[35]
2379,"[1135, 2379]"
2380,"[2147, 1651, 1547, 779]"
2381,[572]
2382,[1001]
2383,"[2271, 576]"
2384,"[1253, 451]"
2385,"[891, 605, 1533]"
2386,[47]
2387,"[2054, 2183]"
2388,"[1881, 562]"
2389,"[99, 2389, 1881, 987, 1139, 1730, 176, 1481, 1856, 2047, 2336, 1558, 528, 2360, 42, 833, 7, 908]"
2390,"[2282, 86, 1915, 972]"
2391,[62]
2392,[1939]
2393,"[1373, 2393]"
2394,"[1155, 397, 2271, 1762, 769, 210]"
2395,"[1418, 2395]"
2396,[47]
2397,[47]
2398,[979]
2399,[720]
2400,[47]
2401,[47]
2402,"[2402, 1394, 1286, 519]"
2403,[49]
2404,"[2375, 1088]"
2405,[1541]
2406,[2146]
2407,"[1711, 445]"
2408,[2408]
2409,"[1400, 897, 477, 901, 1599, 2013, 2225, 2092, 2076, 2144, 515, 1353, 1155, 1627, 1481, 1157, 2244, 713, 892, 991, 1711, 1011, 1029, 216, 89, 2305, 1335, 1832, 1927, 1597, 2347, 2370, 2409, 2313, 908]"
2410,"[120, 510, 392]"
2411,"[952, 1380, 1373, 27, 1158, 1377]"
2412,[1139]
2413,"[590, 2301]"
2414,[47]
2415,"[2422, 2415, 2123]"
2416,"[2091, 1938, 712]"
2417,[1366]
2418,[1541]
2419,[2318]
2420,[47]
2421,[770]
2422,"[1756, 2141, 2422, 2415, 112]"
2423,"[1022, 1306, 1360, 2286, 2054]"
2424,[867]
2425,[47]
2426,"[146, 1826]"
2427,[3]
2428,"[1207, 981, 1686, 523, 1114, 2199]"
2429,[2352]
2430,[2052]
2431,[216]
2432,"[545, 253, 2432, 1155, 2271, 470, 1452, 478]"
2433,"[2310, 1788, 2106, 1093]"
2434,"[270, 519]"
2435,[1221]
2436,[908]
2437,"[1628, 774, 397, 2271, 1139, 1925, 418, 1762, 2124, 1481, 2437, 525, 1756, 521, 2475, 244, 533, 1666, 1452, 333, 2218, 1407, 1253, 769, 1062, 753, 1187, 2313, 908, 968]"
2438,[47]
2439,[1981]
2440,"[1686, 523]"
2441,[2136]
2442,[318]
2443,"[689, 2162, 1643, 418, 2443, 321, 833, 1187, 1913]"
2444,"[1185, 677]"
2445,"[1468, 312, 1352, 315, 1085, 2445]"
2446,"[316, 2446, 793]"
2447,"[2140, 504, 1899, 1854, 2136, 1041, 2271, 1762, 1952, 985, 1574, 2218, 1828, 785, 1987, 526, 1526, 700, 1736, 1587]"
2448,"[2448, 2147, 1047]"
2449,"[1049, 1374]"
2450,"[1135, 2195]"
2451,[181]
2452,[1253]
2453,[47]
2454,[47]
2455,"[2098, 70, 1240, 1566, 1107, 309]"
2456,"[1020, 1155, 94]"
2457,"[881, 1366, 2117, 2289, 1952, 56, 1872, 2235]"
2458,[47]
2459,[210]
2460,[1481]
2461,[47]
2462,[176]
2463,"[2463, 460]"
2464,"[2464, 76]"
2465,[685]
2466,[47]
2467,[484]
2468,[47]
2469,[2469]
2470,[47]
2471,"[1473, 769, 478]"
2472,[525]
2473,"[1389, 1891, 977, 2473, 732]"
2474,"[109, 2474]"
2475,"[725, 2101, 1041, 774, 1155, 1143, 1925, 418, 1762, 446, 2437, 2475, 2332, 2139, 248, 769, 1062, 2313, 1752]"
